<?xml version="1.0" encoding="UTF-8"?>
<project-private xmlns="http://www.netbeans.org/ns/project-private/1">
    <editor-bookmarks xmlns="http://www.netbeans.org/ns/editor-bookmarks/2" lastBookmarkId="0"/>
    <open-files xmlns="http://www.netbeans.org/ns/projectui-open-files/2">
        <group>
            <file>file:/C:/Users/ADMIN/Desktop/CS420G_2324_LUUTHIXINH_1965/THUCHANH/luuthixinh_1965/src/lab4/Sever.java</file>
            <file>file:/C:/Users/ADMIN/Desktop/CS420G_2324_LUUTHIXINH_1965/THUCHANH/luuthixinh_1965/src/lab2/Client.java</file>
            <file>file:/C:/Users/ADMIN/Desktop/CS420G_2324_LUUTHIXINH_1965/THUCHANH/luuthixinh_1965/src/lab3/Client.java</file>
            <file>file:/C:/Users/ADMIN/Desktop/CS420G_2324_LUUTHIXINH_1965/THUCHANH/luuthixinh_1965/src/lab5/Client.java</file>
            <file>file:/C:/Users/ADMIN/Desktop/CS420G_2324_LUUTHIXINH_1965/THUCHANH/luuthixinh_1965/src/lab1/Client.java</file>
            <file>file:/C:/Users/ADMIN/Desktop/CS420G_2324_LUUTHIXINH_1965/THUCHANH/luuthixinh_1965/src/lab2/Sever.java</file>
            <file>file:/C:/Users/ADMIN/Desktop/CS420G_2324_LUUTHIXINH_1965/THUCHANH/luuthixinh_1965/src/lab6/Client.java</file>
            <file>file:/C:/Users/ADMIN/Desktop/CS420G_2324_LUUTHIXINH_1965/THUCHANH/luuthixinh_1965/src/lab6/Sever.java</file>
            <file>file:/C:/Users/ADMIN/Desktop/CS420G_2324_LUUTHIXINH_1965/THUCHANH/luuthixinh_1965/src/lab6/TamGiacImpl.java</file>
            <file>file:/C:/Users/ADMIN/Desktop/CS420G_2324_LUUTHIXINH_1965/THUCHANH/luuthixinh_1965/src/lab3/Sever.java</file>
            <file>file:/C:/Users/ADMIN/Desktop/CS420G_2324_LUUTHIXINH_1965/THUCHANH/luuthixinh_1965/src/lab5/Sever.java</file>
            <file>file:/C:/Users/ADMIN/Desktop/CS420G_2324_LUUTHIXINH_1965/THUCHANH/luuthixinh_1965/src/lab1/Sever.java</file>
            <file>file:/C:/Users/ADMIN/Desktop/CS420G_2324_LUUTHIXINH_1965/THUCHANH/luuthixinh_1965/src/lab6/TamGiac.java</file>
            <file>file:/C:/Users/ADMIN/Desktop/CS420G_2324_LUUTHIXINH_1965/THUCHANH/luuthixinh_1965/src/lab4/Client.java</file>
        </group>
    </open-files>
</project-private>
